Workbook

Sheet Haber-Bosch
A1: Source: | B1: Heat integration and part-load performance of an SOEC-coupled Haber–Bosch process
A2: DOI: | B2: https://doi.org/10.1016/j.ijhydene.2025.02.335
B9: Graph deciphering
B10: GJ | C10: 10 | M10: Full load specifications - Haber Bosch
B11: cm | C11: 20 | M11: Type | N11: Value | O11: Unit | P11: Molar Mass | Q11: Value_2 | R11: Unit_2
B12: GJ/cm | C12: =C10/C11 -> 0.5 | M12: H2 | N12: 2.787 | O12: kg/s | P12: 1.007947 | Q12: =N12/(3*P12)*1.5 -> 1.3825132 | R12: kmol/s
A13: LF | B13: LF | C13: cm | D13: GJ/t | E13: MWh/t | F13: MWh | G13: slope | H13: intercept | M13: N2 | N13: 12.91 | O13: kg/s | P13: 14.006747 | Q13: =N13/P13/2 -> 0.46084933 | R13: kmol/s
A14: =B14/100 -> 0.107 | B14: 10.7 | C14: 29 | D14: =C14*$C$12 -> 14.5 | E14: =D14/3.6 -> 4.0277778 | F14: =E14*B14/100 -> 0.43097222 | G14: =(F17-F14)/(A17-A14) -> 0.2296627 | H14: =F14-G14*B14/100 -> 0.40639831 | I14: 1 | M14: Power | N14: 47485 | O14: kW
A15: =B15/100 -> 0.15 | B15: 15 | C15: 21.5 | D15: =C15*$C$12 -> 10.75 | E15: =D15/3.6 -> 2.9861111 | F15: =E15*B15/100 -> 0.44791667 | G15: =(F16-F15)/(B16-B15)*100 -> 0.20833333 | H15: =F15-G15*B15/100 -> 0.41666667 | I15: voided | M15: NH3 | N15: 15.697 | O15: kg/s | P15: 17.03052 | Q15: =N15/P15 -> 0.92169822 | R15: kmol/s
A16: =B16/100 -> 0.2 | B16: 20 | C16: 16.5 | D16: =C16*$C$12 -> 8.25 | E16: =D16/3.6 -> 2.2916667 | F16: =E16*B16/100 -> 0.45833333 | G16: =(F17-F16)/(B17-B16)*100 -> 0.10195035 | H16: =F16-G16*B16/100 -> 0.43794326 | I16: voided
A17: =B17/100 -> 0.247 | B17: 24.7 | C17: 13.5 | D17: =C17*$C$12 -> 6.75 | E17: =D17/3.6 -> 1.875 | F17: =E17*B17/100 -> 0.463125 | G17: =(F18-F17)/(B18-B17)*100 -> 0.53852201 | H17: =F17-G17*B17/100 -> 0.33011006 | I17: 1
A18: =B18/100 -> 0.3 | B18: 30 | C18: 11.8 | D18: =C18*$C$12 -> 5.9 | E18: =D18/3.6 -> 1.6388889 | F18: =E18*B18/100 -> 0.49166667 | G18: =(F20-F18)/(B20-B18)*100 -> 0.77083333 | H18: =F18-G18*B18/100 -> 0.26041667 | I18: 1 | M18: Rate | N18: =N15/N12 -> 5.632221 | O18: kgNH3/kgH2
A19: =B19/100 -> 0.4 | B19: 40 | C19: 10 | D19: =C19*$C$12 -> 5 | E19: =D19/3.6 -> 1.3888889 | F19: =E19*B19/100 -> 0.55555556 | G19: =(F20-F19)/(B20-B19)*100 -> 0.90277778 | H19: =F19-G19*B19/100 -> 0.19444444 | I19: voided | M19: elec_cons | N19: =N14/N15/3600 -> 0.84030565 | O19: kWh/kgNH3
A20: =B20/100 -> 0.5 | B20: 50 | C20: 9.3 | D20: =C20*$C$12 -> 4.65 | E20: =D20/3.6 -> 1.2916667 | F20: =E20*B20/100 -> 0.64583333 | G20: =(F21-F20)/(B21-B20)*100 -> 0.81018519 | H20: =F20-G20*B20/100 -> 0.24074074 | I20: 1
A21: =B21/100 -> 0.65 | B21: 65 | C21: 8.5 | D21: =C21*$C$12 -> 4.25 | E21: =D21/3.6 -> 1.1805556 | F21: =E21*B21/100 -> 0.76736111 | G21: =(F22-F21)/(A22-A21) -> 1.0615079 | H21: =F21-G21*A21 -> 0.077380952 | I21: 1
A22: =B22/100 -> 1 | B22: 100 | C22: 8.2 | D22: =C22*$C$12 -> 4.1 | E22: =D22/3.6 -> 1.1388889 | F22: =E22*B22/100 -> 1.1388889 | M22: Full load specifications - ASU
I23: *Voided due to non-concavity - see graph | M23: Type | N23: Value | O23: Unit
M24: Air | N24: 17.093 | O24: kg/s
M25: Power | N25: 4880 | O25: kW
M26: N2 | N26: 12.91 | O26: kg/s
M27: O2 | N27: 3.957 | O27: kg/s
M28: Ar | N28: 0.226 | O28: kg/s
M30: Rate | N30: =N26/N24 -> 0.75527994 | O30: kgN2/kgAir
M31: elec_cons | N31: =N25/N26/3600 -> 0.10500043 | O31: kWh/kgN2
M35: =26.4/3.6 -> 7.3333333 | N35: MWh/tNH3 | P35: =18.6/26.4 -> 0.70454545
M36: 53.4 | N36: MWh/tH2
M37: 5.5 | N37: tNH3/tH2 | P37: =18.6/O39 -> 0.45484861
M38: 1.65 | N38: MWh/tNH3
M39: =M36/M37+M38 -> 11.359091 | O39: =M39*3.6 -> 40.892727

Sheet Piecewise
A1: a | B1: b
A2: =IF('Haber-Bosch'!$I14=1,'Haber-Bosch'!G14,"") -> 0.2296627 | B2: =IF('Haber-Bosch'!$I14=1,'Haber-Bosch'!H14,"") -> 0.40639831
A3: =IF('Haber-Bosch'!$I15=1,'Haber-Bosch'!G15,"") | B3: =IF('Haber-Bosch'!$I15=1,'Haber-Bosch'!H15,"")
A4: =IF('Haber-Bosch'!$I16=1,'Haber-Bosch'!G16,"") | B4: =IF('Haber-Bosch'!$I16=1,'Haber-Bosch'!H16,"")
A5: =IF('Haber-Bosch'!$I17=1,'Haber-Bosch'!G17,"") -> 0.53852201 | B5: =IF('Haber-Bosch'!$I17=1,'Haber-Bosch'!H17,"") -> 0.33011006
A6: =IF('Haber-Bosch'!$I18=1,'Haber-Bosch'!G18,"") -> 0.77083333 | B6: =IF('Haber-Bosch'!$I18=1,'Haber-Bosch'!H18,"") -> 0.26041667
A7: =IF('Haber-Bosch'!$I19=1,'Haber-Bosch'!G19,"") | B7: =IF('Haber-Bosch'!$I19=1,'Haber-Bosch'!H19,"")
A8: =IF('Haber-Bosch'!$I20=1,'Haber-Bosch'!G20,"") -> 0.81018519 | B8: =IF('Haber-Bosch'!$I20=1,'Haber-Bosch'!H20,"") -> 0.24074074
A9: =IF('Haber-Bosch'!$I21=1,'Haber-Bosch'!G21,"") -> 1.0615079 | B9: =IF('Haber-Bosch'!$I21=1,'Haber-Bosch'!H21,"") -> 0.077380952

Sheet Electrolyzer
B1: p_val | C1: 0.1 | D1: 0.19124146 | E1: 0.28248292 | F1: 0.52165528 | G1: 0.76082764 | H1: 1
B2: b | C2: -0.67115989 | D2: -0.24144464 | E2: 0.41119712 | F2: 1.3938152 | G2: 2.3063683
B3: a | C3: 22.881035 | D3: 20.634057 | E3: 18.323681 | F3: 16.440027 | G3: 15.240606 | J3: C
J4: 285 | K4: MW
A5: p | B5: Power | C5: Outflow (kg/h) | J5: =J4*3600/120 -> 8550 | K5: kg/h
A6: 0.1 | B6: =A6*J$4 -> 28.5 | C6: =C$3*$B6+C$2*$J$4 -> 460.82892 | D6: =D$3*$B6+D$2*$J$4 -> 519.25891 | E6: =E$3*$B6+E$2*$J$4 -> 639.4161 | F6: =F$3*$B6+F$2*$J$4 -> 865.77811 | G6: =G$3*$B6+G$2*$J$4 -> 1091.6722
A7: 0.2 | B7: =A7*J$4 -> 57 | C7: =C$3*$B7+C$2*$J$4 -> 1112.9384 | D7: =D$3*$B7+D$2*$J$4 -> 1107.3295 | E7: =E$3*$B7+E$2*$J$4 -> 1161.641 | F7: =F$3*$B7+F$2*$J$4 -> 1334.3189 | G7: =G$3*$B7+G$2*$J$4 -> 1526.0295
A8: 0.3 | B8: =A8*J$4 -> 85.5 | C8: =C$3*$B8+C$2*$J$4 -> 1765.0479 | D8: =D$3*$B8+D$2*$J$4 -> 1695.4002 | E8: =E$3*$B8+E$2*$J$4 -> 1683.8659 | F8: =F$3*$B8+F$2*$J$4 -> 1802.8597 | G8: =G$3*$B8+G$2*$J$4 -> 1960.3867
A9: 0.4 | B9: =A9*J$4 -> 114 | C9: =C$3*$B9+C$2*$J$4 -> 2417.1574 | D9: =D$3*$B9+D$2*$J$4 -> 2283.4708 | E9: =E$3*$B9+E$2*$J$4 -> 2206.0908 | F9: =F$3*$B9+F$2*$J$4 -> 2271.4004 | G9: =G$3*$B9+G$2*$J$4 -> 2394.744
A10: 0.5 | B10: =A10*J$4 -> 142.5 | C10: =C$3*$B10+C$2*$J$4 -> 3069.2669 | D10: =D$3*$B10+D$2*$J$4 -> 2871.5415 | E10: =E$3*$B10+E$2*$J$4 -> 2728.3158 | F10: =F$3*$B10+F$2*$J$4 -> 2739.9412 | G10: =G$3*$B10+G$2*$J$4 -> 2829.1013
A11: 0.6 | B11: =A11*J$4 -> 171 | C11: =C$3*$B11+C$2*$J$4 -> 3721.3764 | D11: =D$3*$B11+D$2*$J$4 -> 3459.6121 | E11: =E$3*$B11+E$2*$J$4 -> 3250.5407 | F11: =F$3*$B11+F$2*$J$4 -> 3208.482 | G11: =G$3*$B11+G$2*$J$4 -> 3263.4585
A12: 0.7 | B12: =A12*J$4 -> 199.5 | C12: =C$3*$B12+C$2*$J$4 -> 4373.4859 | D12: =D$3*$B12+D$2*$J$4 -> 4047.6827 | E12: =E$3*$B12+E$2*$J$4 -> 3772.7656 | F12: =F$3*$B12+F$2*$J$4 -> 3677.0228 | G12: =G$3*$B12+G$2*$J$4 -> 3697.8158
A13: 0.8 | B13: =A13*J$4 -> 228 | C13: =C$3*$B13+C$2*$J$4 -> 5025.5954 | D13: =D$3*$B13+D$2*$J$4 -> 4635.7534 | E13: =E$3*$B13+E$2*$J$4 -> 4294.9905 | F13: =F$3*$B13+F$2*$J$4 -> 4145.5635 | G13: =G$3*$B13+G$2*$J$4 -> 4132.1731
A14: 0.9 | B14: =A14*J$4 -> 256.5 | C14: =C$3*$B14+C$2*$J$4 -> 5677.7049 | D14: =D$3*$B14+D$2*$J$4 -> 5223.824 | E14: =E$3*$B14+E$2*$J$4 -> 4817.2154 | F14: =F$3*$B14+F$2*$J$4 -> 4614.1043 | G14: =G$3*$B14+G$2*$J$4 -> 4566.5303
A15: 1 | B15: =A15*J$4 -> 285 | C15: =C$3*$B15+C$2*$J$4 -> 6329.8144 | D15: =D$3*$B15+D$2*$J$4 -> 5811.8946 | E15: =E$3*$B15+E$2*$J$4 -> 5339.4404 | F15: =F$3*$B15+F$2*$J$4 -> 5082.6451 | G15: =G$3*$B15+G$2*$J$4 -> 5000.8876 | K15: 3600 | L15: MJ
C16: Efficiency (MWh/t) | K16: =K15/120 -> 30
C17: =$B6/C6*1000 -> 61.845076 | D17: =$B6/D6*1000 -> 54.885914 | E17: =$B6/E6*1000 -> 44.571915 | F17: =$B6/F6*1000 -> 32.918365 | G17: =$B6/G6*1000 -> 26.106737
C18: =$B7/C7*1000 -> 51.215772 | D18: =$B7/D7*1000 -> 51.475191 | E18: =$B7/E7*1000 -> 49.068515 | F18: =$B7/F7*1000 -> 42.718424 | G18: =$B7/G7*1000 -> 37.351834
C19: =$B8/C8*1000 -> 48.440611 | D19: =$B8/D8*1000 -> 50.430571 | E19: =$B8/E8*1000 -> 50.776014 | F19: =$B8/F8*1000 -> 47.424656 | G19: =$B8/G8*1000 -> 43.613843
C20: =$B9/C9*1000 -> 47.162837 | D20: =$B9/D9*1000 -> 49.924001 | E20: =$B9/E9*1000 -> 51.675116 | F20: =$B9/F9*1000 -> 50.189301 | G20: =$B9/G9*1000 -> 47.604253
C21: =$B10/C10*1000 -> 46.428025 | D21: =$B10/D10*1000 -> 49.624915 | E21: =$B10/E10*1000 -> 52.230025 | F21: =$B10/F10*1000 -> 52.008415 | G21: =$B10/G10*1000 -> 50.369353
C22: =$B11/C11*1000 -> 45.95074 | D22: =$B11/D11*1000 -> 49.427507 | E22: =$B11/E11*1000 -> 52.606633 | F22: =$B11/F11*1000 -> 53.296232 | G22: =$B11/G11*1000 -> 52.398398 | K22: =J5/(G3+G2) -> 487.2635
C23: =$B12/C12*1000 -> 45.615787 | D23: =$B12/D12*1000 -> 49.28746 | E23: =$B12/E12*1000 -> 52.878981 | F23: =$B12/F12*1000 -> 54.255851 | G23: =$B12/G12*1000 -> 53.950767
C24: =$B13/C13*1000 -> 45.367759 | D24: =$B13/D13*1000 -> 49.182944 | E24: =$B13/E13*1000 -> 53.0851 | F24: =$B13/F13*1000 -> 54.998554 | G24: =$B13/G13*1000 -> 55.176779
C25: =$B14/C14*1000 -> 45.176705 | D25: =$B14/D14*1000 -> 49.101961 | E25: =$B14/E14*1000 -> 53.246529 | F25: =$B14/F14*1000 -> 55.590421 | G25: =$B14/G14*1000 -> 56.16956
C26: =$B15/C15*1000 -> 45.025017 | D26: =$B15/D15*1000 -> 49.037365 | E26: =$B15/E15*1000 -> 53.376381 | F26: =$B15/F15*1000 -> 56.073166 | G26: =$B15/G15*1000 -> 56.989883
C27: Efficiency (MWh/t)
C28: =33.33/C17 -> 0.5389273 | D28: =33.33/D17 -> 0.60725963 | E28: =33.33/E17 -> 0.7477803 | F28: =33.33/F17 -> 1.0125047 | G28: =33.33/G17 -> 1.2766819
C29: =33.33/C18 -> 0.6507761 | D29: =33.33/D18 -> 0.64749638 | E29: =33.33/E18 -> 0.6792543 | F29: =33.33/F18 -> 0.78022541 | G29: =33.33/G18 -> 0.89232566
C30: =33.33/C19 -> 0.68805903 | D30: =33.33/D19 -> 0.66090863 | E30: =33.33/E19 -> 0.6564123 | F30: =33.33/F19 -> 0.70279898 | G30: =33.33/G19 -> 0.7642069
C31: =33.33/C20 -> 0.70670049 | D31: =33.33/D20 -> 0.66761476 | E31: =33.33/E20 -> 0.6449913 | F31: =33.33/F20 -> 0.66408576 | G31: =33.33/G20 -> 0.70014752
C32: =33.33/C21 -> 0.71788537 | D32: =33.33/D21 -> 0.67163843 | E32: =33.33/E21 -> 0.6381387 | F32: =33.33/F21 -> 0.64085783 | G32: =33.33/G21 -> 0.6617119
C33: =33.33/C22 -> 0.72534196 | D33: =33.33/D22 -> 0.67432088 | E33: =33.33/E22 -> 0.6335703 | F33: =33.33/F22 -> 0.62537254 | G33: =33.33/G22 -> 0.63608815
C34: =33.33/C23 -> 0.73066809 | D34: =33.33/D23 -> 0.67623692 | E34: =33.33/E23 -> 0.63030716 | F34: =33.33/F23 -> 0.61431162 | G34: =33.33/G23 -> 0.61778547
C35: =33.33/C24 -> 0.73466269 | D35: =33.33/D24 -> 0.67767394 | E35: =33.33/E24 -> 0.6278598 | F35: =33.33/F24 -> 0.60601593 | G35: =33.33/G24 -> 0.60405846
C36: =33.33/C25 -> 0.7377696 | D36: =33.33/D25 -> 0.67879163 | E36: =33.33/E25 -> 0.6259563 | F36: =33.33/F25 -> 0.59956373 | G36: =33.33/G25 -> 0.59338189
C37: =33.33/C26 -> 0.74025513 | D37: =33.33/D26 -> 0.67968578 | E37: =33.33/E26 -> 0.6244335 | F37: =33.33/F26 -> 0.59440197 | G37: =33.33/G26 -> 0.58484064

Sheet H2 Storage
A1: Source: | B1: Optimal day-ahead dispatch of an alkaline electrolyser system concerning thermal–electric properties and state-transitional dynamics
A2: DOI: | B2: https://doi.org/10.1016/j.ijhydene.2025.02.335
A5: efficiency formula
A23: R | B23: 8.314 | C23: J/(mol K)
A24: T | B24: =90+273.15 -> 363.15 | C24: K
A25: gamma | B25: 1.4
A26: eta_c | B26: 0.75
A27: P_out | B27: 100 | C27: bar
A28: P_in | B28: 30 | C28: bar
A30: Efficiency | B30: =(B23*B24)/(2*(B25-1)*B26)*((B27/B28)^((B25-1)/B25)-1) -> 2065.9965 | C30: MWh/t
