Workbook

Sheet Scenarios
A1: Scenario Name | B1: Changed Type | C1: Changed Object | D1: Changed Parameter | E1: New Value
A2: 80percent_ammonia | B2: contract | C2: Ammonia1 | D2: volume | E2: =Components!C7*8760*0.8 -> 175200
A3: 80percent_ammonia | B3: component | C3: Ammonia Shipment | D3: capacity | E3: 30000
A4: 70percent_ammonia | B4: contract | C4: Ammonia1 | D4: volume | E4: =Components!C7*8760*0.7 -> 153300
A5: 70percent_ammonia | B5: component | C5: Ammonia Shipment | D5: capacity | E5: 30000
A6: 60percent_ammonia | B6: contract | C6: Ammonia1 | D6: volume | E6: =Components!C7*8760*0.6 -> 131400
A7: 50percent_ammonia | B7: contract | C7: Ammonia1 | D7: volume | E7: =Components!C7*8760*0.5 -> 109500
A8: 40percent_ammonia | B8: contract | C8: Ammonia1 | D8: volume | E8: =Components!C7*8760*0.4 -> 87600
A9: 30percent_ammonia | B9: contract | C9: Ammonia1 | D9: volume | E9: =Components!C7*8760*0.3 -> 65700
A10: 20percent_ammonia | B10: contract | C10: Ammonia1 | D10: volume | E10: =Components!C7*8760*0.2 -> 43800
A11: no_solar_power | B11: ppa | C11: SolarPower | D11: capacity | E11: 0
A12: no_solar_power | B12: ppa | C12: WindPower | D12: capacity | E12: =PPAs!C3*1.5 -> 450
A13: no_solar_power | B13: contract | C13: Ammonia1 | D13: volume | E13: =Components!C$7*8760*0.3 -> 65700
A14: high_RE_level | B14: ppa | C14: SolarPower | D14: capacity | E14: =PPAs!C2*1.5 -> 600
A15: high_RE_level | B15: ppa | C15: WindPower | D15: capacity | E15: =PPAs!C3*1.5 -> 450
A16: high_RE_level | B16: component | C16: ElectricitySpot | D16: capacity | E16: =E15+E14+PPAs!C4 -> 1100
A17: high_RE_level | B17: contract | C17: Ammonia1 | D17: volume | E17: =Components!C$7*8760*0.3 -> 65700
A18: base_case_no_spot | B18: contract | C18: Ammonia1 | D18: volume | E18: =Components!C$7*8760*0.3 -> 65700

Sheet Carriers
A1: name | B1: default_unit
A2: plant_electricity | B2: MWh
A3: hydrogen | B3: t
A4: ammonia | B4: t
A5: grid_electricity | B5: MWh

Sheet Components
A1: name | B1: type | C1: capacity | D1: capacity_unit | E1: consumes | F1: produces | G1: input_rate | H1: output_rate | I1: availability | J1: notes
A2: ElectricitySpot | B2: dayahead | C2: =MAX(C3,SUM(PPAs!C2:C4)) -> 750 | D2: MW | E2: [da_electricity,id_electricity] | F2: [grid_electricity] | G2: [1,1] | H2: [1] | I2: hourly | J2: Capacity to allow for sale of all PPA, or buy of all GCP capacity.
A3: Grid Connection Point | B3: link | C3: =(C7*1.65+53.4*C4) -> 308.25 | D3: MW | E3: [grid_electricity] | F3: [plant_electricity] | G3: [1] | H3: [0.99] | I3: hourly | J3: Grid connection point with a capacity of 562.5 MW. Allows for max operation of ammonia and hydrogen plants.
A4: Electrolyzer | B4: link | C4: 5 | D4: t H2/h | E4: [water,plant_electricity] | F4: [hydrogen] | G4: [9,53.4] | H4: [1] | I4: hourly | J4: Capacity of 480 Mwe equals 8.99 tH2/h. Efficiency of 53.4 MWh/tH2.
A5: Hydrogen Pipeline | B5: offtaker | C5: 2 | D5: t H2/h | E5: [hydrogen] | F5: [hydrogen_offtake] | G5: [1] | H5: [1] | I5: hourly | J5: H2 pipeline transports hydrogen to offtaker. Large capacity of 20 tH2/h.
A6: Hydrogen Storage | B6: storage | C6: 15 | D6: t H2 | E6: [hydrogen,plant_electricity] | F6: [hydrogen] | G6: [1,0.94] | H6: [1] | I6: hourly | J6: H2 storage of capacity at 20 tH2. Charging efficiency of 0.94 MWh/tH2, due to compressor consumption.
A7: Haber Bosch Plant | B7: link | C7: 25 | D7: t NH3/h | E7: [hydrogen,plant_electricity] | F7: [ammonia] | G7: [0.18,1.65] | H7: [1] | I7: hourly | J7: Ammonia synthesis rate is 5.5 tNH3/tH2. Electricity consumption for other processes is 1.65 MWh/tNH3.
A8: Ammonia Storage | B8: storage | C8: =C7*31*24 -> 18600 | D8: t NH3 | E8: [ammonia,plant_electricity] | F8: [ammonia] | G8: [1,0.001] | H8: [1] | I8: hourly | J8: Storage capacity is 31 days continuous maximum production. Small consumption for inflow, to avoid simultaneous in- and outflow.
A9: Ammonia Shipment | B9: offtaker | C9: 15000 | D9: t NH3 | E9: [ammonia] | F9: [ammonia_offtake] | G9: [1] | H9: [1] | I9: monthly | J9: Shipment which is the main channel of ammonia offtake.

Sheet Contracts
A1: name | B1: type | C1: price | D1: penalty | E1: volume | F1: cap | G1: min_volume | H1: max_volume | I1: resource | J1: shipment_frequency | K1: target_frequency | L1: spot_contract
A2: Hydrogen1 | B2: hydrogen_offtake | C2: 5000 | D2: =4*C2 -> 20000 | E2: 0.5 | F2: =Components!C5 -> 2 | G2: 0.5 | H2: 1.3 | I2: hydrogen | J2: hourly | K2: hourly | L2: 0 | M2: Hourly contract for H2 sale. Volume renegotiated every week, but price fixed.
A3: Ammonia1 | B3: ammonia_offtake | C3: 900 | D3: =4*C3 -> 3600 | E3: =Components!C7*8760/2 -> 109500 | F3: =Components!C9 -> 15000 | G3: 80000 | H3: 80000 | I3: ammonia | J3: monthly | K3: yearly | L3: 0 | M3: Contract for NH3 at an agreed upon contract, and an agreed upon yearly volume.
A4: AmmoniaSpot | B4: ammonia_offtake | C4: 450 | D4: 0 | E4: =Components!C9 -> 15000 | F4: =Components!C9 -> 15000 | I4: ammonia | J4: monthly | K4: monthly | L4: 1 | M4: Spot market contract for NH3, capped at 2000 tNH3 per shipment.

Sheet PPAs
A1: name | B1: type | C1: capacity | D1: capacity_unit | E1: consumes | F1: produces | G1: price | H1: annual_cf | I1: simulated | J1: notes
A2: SolarPower | B2: ppa | C2: 400 | D2: MW | E2: solar | F2: grid_electricity | G2: 55.2 | H2: 0.18 | I2: 1 | J2: Solar power capacity is 400 MWp.
A3: WindPower | B3: ppa | C3: 300 | D3: MW | E3: wind | F3: grid_electricity | G3: 66.2 | H3: 0.38 | I3: 1 | J3: Wind power capacity is 300 MW.
A4: NuclearPower | B4: ppa | C4: 50 | D4: MW | E4: nuclear | F4: grid_electricity | G4: 77.4 | H4: 1 | I4: 0 | J4: Baseload PPA of 50 MW.

Sheet Annual Contract Summaries
A1: PPA | B1: Power [GWh] | C1: Cost [M€]
A2: =PPAs!A2 -> SolarPower | B2: =PPAs!C2*PPAs!H2*8760/1000 -> 630.72 | C2: =B2*PPAs!G2/1000 -> 34.815744
A3: =PPAs!A3 -> WindPower | B3: =PPAs!C3*PPAs!H3*8760/1000 -> 998.64 | C3: =B3*PPAs!G3/1000 -> 66.109968
A4: =PPAs!A4 -> NuclearPower | B4: =PPAs!C4*PPAs!H4*8760/1000 -> 438 | C4: =B4*PPAs!G4/1000 -> 33.9012
A5: Total | B5: =SUM(B2:B4) -> 2067.36 | C5: =SUM(C2:C4) -> 134.82691
A7: Contract | B7: Power [GWh] | C7: Revenue [M€]
A8: =Contracts!A2 -> Hydrogen1 | B8: =Contracts!E2*Components!#REF!/Components!#REF!*8760/1000 -> #REF! | C8: =Contracts!E2*Contracts!C2*8760/1000000 -> 21.9
A9: =Contracts!A3 -> Ammonia1 | B9: =Contracts!E3*(Components!#REF!+Components!#REF!/Components!#REF!)/Components!#REF!/1000 -> #REF! | C9: =Contracts!E3*Contracts!C3/1000000 -> 98.55
A10: Total | B10: =SUM(B8:B9) -> #REF! | C10: =SUM(C8:C9) -> 120.45
